"id","postId","sender_id","Comment","attachment","type","commentId","date"
"1","undefined","2","Yoo",,"comment",,"2024-05-14 12:36:08"
"2","20","2","this is an image s3 s3n",,"comment",,"2024-05-14 12:39:55"
"3","undefined","2","c",,"comment",,"2024-05-14 12:40:17"
"4","5","2","lie",,"comment",,"2024-05-14 12:42:27"
"5","undefined","2","ghgm,",,"comment",,"2024-05-14 13:45:29"
"6","undefined","2","hjjkk i really like this content",,"comment",,"2024-05-14 13:45:44"
"7","undefined","2","hello",,"comment",,"2024-05-14 13:46:48"
"8","20","2","dwfdv",,"comment",,"2024-05-14 14:07:01"
"9","2","2","Alice wouldn't be bad",,"comment",,"2024-05-14 14:10:09"
"10","undefined","20","Hey",,"comment",,"2024-05-14 14:37:28"
"11","20","20","D",,"comment",,"2024-05-14 14:41:30"
"12","2","2","dfghhj",,"comment",,"2024-05-14 14:48:06"
"13","2","2",,,"comment",,"2024-05-14 14:50:22"
"14","2","2",,,"comment",,"2024-05-14 14:50:24"
"15","6","2",,,"comment",,"2024-05-14 14:51:57"
"16","6","2","fdghjkklkljkhgkjl",,"comment",,"2024-05-14 14:52:37"
"17","21","2",,,"comment",,"2024-05-14 14:54:23"
"18","5","2",,,"comment",,"2024-05-14 14:55:13"
"19","3","2",,,"comment",,"2024-05-14 14:55:58"
"20","4","2","derfghggh",,"comment",,"2024-05-14 14:56:19"
"21","19","20","Xh",,"comment",,"2024-05-14 14:57:06"
"22","19","20",,,"comment",,"2024-05-14 14:57:52"
"23","19","20",,,"comment",,"2024-05-14 14:57:54"
"24","19","20",,,"comment",,"2024-05-14 14:57:57"
"25","19","20",,,"comment",,"2024-05-14 14:57:57"
"26","19","20",,,"comment",,"2024-05-14 14:57:57"
"27","19","20",,,"comment",,"2024-05-14 14:57:58"
"28","19","20",,,"comment",,"2024-05-14 14:57:58"
"29","19","20",,,"comment",,"2024-05-14 14:58:08"
"30","19","20",,,"comment",,"2024-05-14 14:58:08"
"31","19","20",,,"comment",,"2024-05-14 14:58:09"
"32","19","20",Nature,,"comment",,"2024-05-14 14:58:09"
"33","19","20",,,"comment",,"2024-05-14 14:58:09"
"34","19","20",,,"comment",,"2024-05-14 14:58:10"
"35","19","20",,,"comment",,"2024-05-14 14:58:10"
"36","19","20",,,"comment",,"2024-05-14 14:58:11"
"37","19","20",,,"comment",,"2024-05-14 14:58:11"
"38","19","20",,,"comment",,"2024-05-14 14:58:11"
"39","19","20",,,"comment",,"2024-05-14 14:58:11"
"40","19","20",,,"comment",,"2024-05-14 14:58:12"
"41","19","20",,,"comment",,"2024-05-14 14:58:12"
"42","19","20",,,"comment",,"2024-05-14 14:58:12"
"43","19","20",,,"comment",,"2024-05-14 14:58:13"
"44","19","20",,,"comment",,"2024-05-14 14:58:13"
"45","19","20",,,"comment",,"2024-05-14 14:58:13"
"46","22","19","ðŸ¥³",,"comment",,"2024-05-20 10:48:22"
"47","22","19","There we go ",,"comment",,"2024-05-20 13:23:21"
"48","22","2","nice",,"comment",,"2024-05-22 17:28:12"
"49","22","2","cool",,"comment",,"2024-05-22 17:32:33"
"50","22","2","nice",,"comment",,"2024-05-22 17:33:20"
"51","19","2",":)",,"comment",,"2024-05-22 17:38:28"
"52","6","2","real",,"comment",,"2024-05-22 17:38:52"
"53","19","19","What if",,"comment",,"2024-05-22 19:12:49"
"54","5","61","Always lying. you just want to come and sconder our money!!!",,"comment",,"2024-05-24 05:52:40"
"55","5","61","Always lying. you just want to come and sconder our money!!!",,"comment",,"2024-05-24 05:53:46"
"56","5","17","Always lying. you just want to come and sconder our money!!!",,"comment",,"2024-05-24 05:54:46"
"57","9","17","hi",,"comment",,"2024-05-31 22:37:44"
"58","9","17","try",,"comment",,"2024-05-31 22:38:02"
"59","21","18","Wossup ",,"comment",,"2024-05-31 22:58:42"
"60","23","17","dfghhjj,k",,"comment",,"2024-06-01 11:24:24"
"id","postId","sender_id","Comment","attachment","type","commentId","date"
"1","undefined","2","Yoo",,"comment",,"2024-05-14 12:36:08"
"2","20","2","this is an image s3 s3n",,"comment",,"2024-05-14 12:39:55"
"3","undefined","2","c",,"comment",,"2024-05-14 12:40:17"
"4","5","2","lie",,"comment",,"2024-05-14 12:42:27"
"5","undefined","2","ghgm,",,"comment",,"2024-05-14 13:45:29"
"6","undefined","2","hjjkk i really like this content",,"comment",,"2024-05-14 13:45:44"
"7","undefined","2","hello",,"comment",,"2024-05-14 13:46:48"
"8","20","2","dwfdv",,"comment",,"2024-05-14 14:07:01"
"9","2","2","Alice wouldn't be bad",,"comment",,"2024-05-14 14:10:09"
"10","undefined","20","Hey",,"comment",,"2024-05-14 14:37:28"
"11","20","20","D",,"comment",,"2024-05-14 14:41:30"
"12","2","2","dfghhj",,"comment",,"2024-05-14 14:48:06"
"13","2","2",,,"comment",,"2024-05-14 14:50:22"
"14","2","2",,,"comment",,"2024-05-14 14:50:24"
"15","6","2",,,"comment",,"2024-05-14 14:51:57"
"16","6","2","fdghjkklkljkhgkjl",,"comment",,"2024-05-14 14:52:37"
"17","21","2",,,"comment",,"2024-05-14 14:54:23"
"18","5","2",,,"comment",,"2024-05-14 14:55:13"
"19","3","2",,,"comment",,"2024-05-14 14:55:58"
"20","4","2","derfghggh",,"comment",,"2024-05-14 14:56:19"
"21","19","20","Xh",,"comment",,"2024-05-14 14:57:06"
"22","19","20",,,"comment",,"2024-05-14 14:57:52"
"23","19","20",,,"comment",,"2024-05-14 14:57:54"
"24","19","20",,,"comment",,"2024-05-14 14:57:57"
"25","19","20",,,"comment",,"2024-05-14 14:57:57"
"26","19","20",,,"comment",,"2024-05-14 14:57:57"
"27","19","20",,,"comment",,"2024-05-14 14:57:58"
"28","19","20",,,"comment",,"2024-05-14 14:57:58"
"29","19","20",,,"comment",,"2024-05-14 14:58:08"
"30","19","20",,,"comment",,"2024-05-14 14:58:08"
"31","19","20",,,"comment",,"2024-05-14 14:58:09"
"32","19","20",Nature,,"comment",,"2024-05-14 14:58:09"
"33","19","20",,,"comment",,"2024-05-14 14:58:09"
"34","19","20",,,"comment",,"2024-05-14 14:58:10"
"35","19","20",,,"comment",,"2024-05-14 14:58:10"
"36","19","20",,,"comment",,"2024-05-14 14:58:11"
"37","19","20",,,"comment",,"2024-05-14 14:58:11"
"38","19","20",,,"comment",,"2024-05-14 14:58:11"
"39","19","20",,,"comment",,"2024-05-14 14:58:11"
"40","19","20",,,"comment",,"2024-05-14 14:58:12"
"41","19","20",,,"comment",,"2024-05-14 14:58:12"
"42","19","20",,,"comment",,"2024-05-14 14:58:12"
"43","19","20",,,"comment",,"2024-05-14 14:58:13"
"44","19","20",,,"comment",,"2024-05-14 14:58:13"
"45","19","20",,,"comment",,"2024-05-14 14:58:13"
"46","22","19","ðŸ¥³",,"comment",,"2024-05-20 10:48:22"
"47","22","19","There we go ",,"comment",,"2024-05-20 13:23:21"
"48","22","2","nice",,"comment",,"2024-05-22 17:28:12"
"49","22","2","cool",,"comment",,"2024-05-22 17:32:33"
"50","22","2","nice",,"comment",,"2024-05-22 17:33:20"
"51","19","2",":)",,"comment",,"2024-05-22 17:38:28"
"52","6","2","real",,"comment",,"2024-05-22 17:38:52"
"53","19","19","What if",,"comment",,"2024-05-22 19:12:49"
"54","5","61","Always lying. you just want to come and sconder our money!!!",,"comment",,"2024-05-24 05:52:40"
"55","5","61","Always lying. you just want to come and sconder our money!!!",,"comment",,"2024-05-24 05:53:46"
"56","5","17","Always lying. you just want to come and sconder our money!!!",,"comment",,"2024-05-24 05:54:46"
"57","9","17","hi",,"comment",,"2024-05-31 22:37:44"
"58","9","17","try",,"comment",,"2024-05-31 22:38:02"
"59","21","18","Wossup ",,"comment",,"2024-05-31 22:58:42"
"60","23","17","dfghhjj,k",,"comment",,"2024-06-01 11:24:24"
"id","postId","sender_id","Comment","attachment","type","commentId","date"
"1","undefined","2","Yoo",,"comment",,"2024-05-14 12:36:08"
"2","20","2","this is an image s3 s3n",,"comment",,"2024-05-14 12:39:55"
"3","undefined","2","c",,"comment",,"2024-05-14 12:40:17"
"4","5","2","lie",,"comment",,"2024-05-14 12:42:27"
"5","undefined","2","ghgm,",,"comment",,"2024-05-14 13:45:29"
"6","undefined","2","hjjkk i really like this content",,"comment",,"2024-05-14 13:45:44"
"7","undefined","2","hello",,"comment",,"2024-05-14 13:46:48"
"8","20","2","dwfdv",,"comment",,"2024-05-14 14:07:01"
"9","2","2","Alice wouldn't be bad",,"comment",,"2024-05-14 14:10:09"
"10","undefined","20","Hey",,"comment",,"2024-05-14 14:37:28"
"11","20","20","D",,"comment",,"2024-05-14 14:41:30"
"12","2","2","dfghhj",,"comment",,"2024-05-14 14:48:06"
"13","2","2",,,"comment",,"2024-05-14 14:50:22"
"14","2","2",,,"comment",,"2024-05-14 14:50:24"
"15","6","2",,,"comment",,"2024-05-14 14:51:57"
"16","6","2","fdghjkklkljkhgkjl",,"comment",,"2024-05-14 14:52:37"
"17","21","2",,,"comment",,"2024-05-14 14:54:23"
"18","5","2",,,"comment",,"2024-05-14 14:55:13"
"19","3","2",,,"comment",,"2024-05-14 14:55:58"
"20","4","2","derfghggh",,"comment",,"2024-05-14 14:56:19"
"21","19","20","Xh",,"comment",,"2024-05-14 14:57:06"
"22","19","20",,,"comment",,"2024-05-14 14:57:52"
"23","19","20",,,"comment",,"2024-05-14 14:57:54"
"24","19","20",,,"comment",,"2024-05-14 14:57:57"
"25","19","20",,,"comment",,"2024-05-14 14:57:57"
"26","19","20",,,"comment",,"2024-05-14 14:57:57"
"27","19","20",,,"comment",,"2024-05-14 14:57:58"
"28","19","20",,,"comment",,"2024-05-14 14:57:58"
"29","19","20",,,"comment",,"2024-05-14 14:58:08"
"30","19","20",,,"comment",,"2024-05-14 14:58:08"
"31","19","20",,,"comment",,"2024-05-14 14:58:09"
"32","19","20",Nature,,"comment",,"2024-05-14 14:58:09"
"33","19","20",,,"comment",,"2024-05-14 14:58:09"
"34","19","20",,,"comment",,"2024-05-14 14:58:10"
"35","19","20",,,"comment",,"2024-05-14 14:58:10"
"36","19","20",,,"comment",,"2024-05-14 14:58:11"
"37","19","20",,,"comment",,"2024-05-14 14:58:11"
"38","19","20",,,"comment",,"2024-05-14 14:58:11"
"39","19","20",,,"comment",,"2024-05-14 14:58:11"
"40","19","20",,,"comment",,"2024-05-14 14:58:12"
"41","19","20",,,"comment",,"2024-05-14 14:58:12"
"42","19","20",,,"comment",,"2024-05-14 14:58:12"
"43","19","20",,,"comment",,"2024-05-14 14:58:13"
"44","19","20",,,"comment",,"2024-05-14 14:58:13"
"45","19","20",,,"comment",,"2024-05-14 14:58:13"
"46","22","19","ðŸ¥³",,"comment",,"2024-05-20 10:48:22"
"47","22","19","There we go ",,"comment",,"2024-05-20 13:23:21"
"48","22","2","nice",,"comment",,"2024-05-22 17:28:12"
"49","22","2","cool",,"comment",,"2024-05-22 17:32:33"
"50","22","2","nice",,"comment",,"2024-05-22 17:33:20"
"51","19","2",":)",,"comment",,"2024-05-22 17:38:28"
"52","6","2","real",,"comment",,"2024-05-22 17:38:52"
"53","19","19","What if",,"comment",,"2024-05-22 19:12:49"
"54","5","61","Always lying. you just want to come and sconder our money!!!",,"comment",,"2024-05-24 05:52:40"
"55","5","61","Always lying. you just want to come and sconder our money!!!",,"comment",,"2024-05-24 05:53:46"
"56","5","17","Always lying. you just want to come and sconder our money!!!",,"comment",,"2024-05-24 05:54:46"
"57","9","17","hi",,"comment",,"2024-05-31 22:37:44"
"58","9","17","try",,"comment",,"2024-05-31 22:38:02"
"59","21","18","Wossup ",,"comment",,"2024-05-31 22:58:42"
"60","23","17","dfghhjj,k",,"comment",,"2024-06-01 11:24:24"
"id","postId","sender_id","Comment","attachment","type","commentId","date"
"1","undefined","2","Yoo",,"comment",,"2024-05-14 12:36:08"
"2","20","2","this is an image s3 s3n",,"comment",,"2024-05-14 12:39:55"
"3","undefined","2","c",,"comment",,"2024-05-14 12:40:17"
"4","5","2","lie",,"comment",,"2024-05-14 12:42:27"
"5","undefined","2","ghgm,",,"comment",,"2024-05-14 13:45:29"
"6","undefined","2","hjjkk i really like this content",,"comment",,"2024-05-14 13:45:44"
"7","undefined","2","hello",,"comment",,"2024-05-14 13:46:48"
"8","20","2","dwfdv",,"comment",,"2024-05-14 14:07:01"
"9","2","2","Alice wouldn't be bad",,"comment",,"2024-05-14 14:10:09"
"10","undefined","20","Hey",,"comment",,"2024-05-14 14:37:28"
"11","20","20","D",,"comment",,"2024-05-14 14:41:30"
"12","2","2","dfghhj",,"comment",,"2024-05-14 14:48:06"
"13","2","2",,,"comment",,"2024-05-14 14:50:22"
"14","2","2",,,"comment",,"2024-05-14 14:50:24"
"15","6","2",,,"comment",,"2024-05-14 14:51:57"
"16","6","2","fdghjkklkljkhgkjl",,"comment",,"2024-05-14 14:52:37"
"17","21","2",,,"comment",,"2024-05-14 14:54:23"
"18","5","2",,,"comment",,"2024-05-14 14:55:13"
"19","3","2",,,"comment",,"2024-05-14 14:55:58"
"20","4","2","derfghggh",,"comment",,"2024-05-14 14:56:19"
"21","19","20","Xh",,"comment",,"2024-05-14 14:57:06"
"22","19","20",,,"comment",,"2024-05-14 14:57:52"
"23","19","20",,,"comment",,"2024-05-14 14:57:54"
"24","19","20",,,"comment",,"2024-05-14 14:57:57"
"25","19","20",,,"comment",,"2024-05-14 14:57:57"
"26","19","20",,,"comment",,"2024-05-14 14:57:57"
"27","19","20",,,"comment",,"2024-05-14 14:57:58"
"28","19","20",,,"comment",,"2024-05-14 14:57:58"
"29","19","20",,,"comment",,"2024-05-14 14:58:08"
"30","19","20",,,"comment",,"2024-05-14 14:58:08"
"31","19","20",,,"comment",,"2024-05-14 14:58:09"
"32","19","20",Nature,,"comment",,"2024-05-14 14:58:09"
"33","19","20",,,"comment",,"2024-05-14 14:58:09"
"34","19","20",,,"comment",,"2024-05-14 14:58:10"
"35","19","20",,,"comment",,"2024-05-14 14:58:10"
"36","19","20",,,"comment",,"2024-05-14 14:58:11"
"37","19","20",,,"comment",,"2024-05-14 14:58:11"
"38","19","20",,,"comment",,"2024-05-14 14:58:11"
"39","19","20",,,"comment",,"2024-05-14 14:58:11"
"40","19","20",,,"comment",,"2024-05-14 14:58:12"
"41","19","20",,,"comment",,"2024-05-14 14:58:12"
"42","19","20",,,"comment",,"2024-05-14 14:58:12"
"43","19","20",,,"comment",,"2024-05-14 14:58:13"
"44","19","20",,,"comment",,"2024-05-14 14:58:13"
"45","19","20",,,"comment",,"2024-05-14 14:58:13"
"46","22","19","ðŸ¥³",,"comment",,"2024-05-20 10:48:22"
"47","22","19","There we go ",,"comment",,"2024-05-20 13:23:21"
"48","22","2","nice",,"comment",,"2024-05-22 17:28:12"
"49","22","2","cool",,"comment",,"2024-05-22 17:32:33"
"50","22","2","nice",,"comment",,"2024-05-22 17:33:20"
"51","19","2",":)",,"comment",,"2024-05-22 17:38:28"
"52","6","2","real",,"comment",,"2024-05-22 17:38:52"
"53","19","19","What if",,"comment",,"2024-05-22 19:12:49"
"54","5","61","Always lying. you just want to come and sconder our money!!!",,"comment",,"2024-05-24 05:52:40"
"55","5","61","Always lying. you just want to come and sconder our money!!!",,"comment",,"2024-05-24 05:53:46"
"56","5","17","Always lying. you just want to come and sconder our money!!!",,"comment",,"2024-05-24 05:54:46"
"57","9","17","hi",,"comment",,"2024-05-31 22:37:44"
"58","9","17","try",,"comment",,"2024-05-31 22:38:02"
"59","21","18","Wossup ",,"comment",,"2024-05-31 22:58:42"
"60","23","17","dfghhjj,k",,"comment",,"2024-06-01 11:24:24"
